missionelixir,,,contact@missionelixir.com
du club,,,duclub1720@gmail.com
competitionsgenerator,,,competitionsgenerator21@gmail.com
GrubStreet,,,info@grubstreet.org
TechBrain,,,info@techbrain.co.in
hypeshoes.in,,,care.hypefootwear@gmail.com
taco bell,,,contact@burmanhospitality.com
thecoffeecupps,,,info@coffeecupps.in
The Campus Media,,,info@thecampusmedia.com
Robin Hood Army,,,info@robinhoodarmy.com
Golden Bakes and Cakes,,,pradeeprathore833@gmail.com
Competitions Generator,,,competitiongenerator21@gmail.com
Escafate,,,contact@escafate.com
DUbookX,,,dubookx@gmail.com
DU Frustrated,,,dufrustrated@gmail.com
InterviewBuddy,,,ask@interviewbuddy.in
Coding Blocks,,,community@codingblocks.com
GeeksForGeeks,,,feedback@geekforgeeks.org
DRIPFIT,,,dripfitin@gmail.com
Shake Sahab,,,shakesaahab@gmail.com
Aeon Overseas,,,aeonoverseas@gmail.com
RepapeR,,,poojag2206@gmail.com
PHIR.Studio,,,phir.studio@gmail.com
Satat Pothi,,,aeonoverseas@gmail.com
Eco-friendly Denim,,,info@handloomdenim.com
Conscious Youth,,,Consciousyouthyd@gmail.com
Auli Cafe,,,info@auliservices.com
Paramarthi Ek Prayatan,,,paramarthi01@gmail.com
Yummistan,,,yummistanofficial@gmail.com
Quantel.in,,,hello@quantel.in
Teach For India,,,apply@teachforindia.org
The Education Tree,,,communications@theeducationtree.com
Fresca,,,frescajuices2015@gmail.com
Buyceps,,,sandeep.rht@gmail.com
